it:
  temporale:
    solemnity:
      nativity: Natale del Signore
      holy_family: Santa Famiglia di Gesù, Maria e Giuseppe
      mother_of_god: Ottava di Natale. Maria Santissima Madre di Dio
      epiphany: Epifania del Signore
      baptism_of_lord: Battesimo del Signore
      ash_wednesday: Mercoledì delle ceneri
      palm_sunday: Domenica delle palme
      good_friday: Venerdì santo
      holy_saturday: Sabato santo
      easter_sunday: Domenica di Resurrezione
      ascension: Ascensione di Gesù
      pentecost: Domenica Pentecoste
      holy_trinity: Santissima Trinità
      body_blood: Santissimo Corpo e Sangue di Cristo
      sacred_heart: Sacro Cuore di Gesù
      immaculate_heart: Cuore Immacolato di Maria
      christ_king: "Nostro Signore Gesù Cristo Re dell'universo"
    ordinary:
      sunday: '%{week} Domenica del Tempo Ordinario'
      ferial: '%{weekday} della %{week} settimana del Tempo Ordinario'
    advent:
      sunday: '%{week} Domenica Avvento'
      ferial: '%{weekday}, %{week} Avvento'
    christmas:
      nativity_octave:
        ferial: '%{day}, Ottava di Natale'
      sunday: 'Domenica %{week}, Tempo di Natale'
      ferial: '%{weekday}, Tempo di Natale'
      after_epiphany:
        ferial: '%{weekday} dopo la Epifania del Signore'
    lent:
      after_ashes:
        ferial: '%{weekday} dopo le Ceneri'
      sunday: 'Domenica %{week} di Quaresima'
      ferial: '%{weekday}, %{week} di Quaresima'
      holy_week:
        ferial: '%{weekday}, Settimana Santa'
    easter:
      octave:
        ferial: '%{weekday}, Ottava di Pasqua'
      sunday: 'Domenica %{week} di Pasqua'
      ferial: '%{weekday}, %{week} di Pasqua'
  rank:
    '1_1': Easter triduum
    '1_2': Primary liturgical days
    '1_3': Solemnities in the General Calendar
    '1_4': Proper solemnities
    '2_5': Feasts of the Lord in the General Calendar
    '2_6': Unprivileged Sundays
    '2_7': Feasts of saints in the General Calendar
    '2_8': Proper feasts
    '2_9': Privileged ferials
    '3_10': Obligatory memorials in the General Calendar
    '3_11': Proper obligatory memorials
    '3_12': Optional memorials
    '3_13': Ferials
    short:
      solemnity: solennità
      feast: festa
      sunday: domenica
      memorial: memoria
      memorial_opt: memoria facoltativa
      ferial: feria
  weekday:
    '0': Domenica
    '1': Lunedì
    '2': Martedì
    '3': Mercoledì
    '4': Giovedì
    '5': Venerdì
    '6': Sabato
